"","cell_id","dataset","nGene","percent_mito","cell_type"
"1","half_TGAAATTGGTCTAG","half",3664,0.0177221962148064,"jurkat"
"2","half_GCGATATGCTGATG","half",3858,0.0292275574112735,"t293"
"3","half_ATTTCTCTCACTAG","half",4049,0.015966461511016,"jurkat"
"4","half_CGTAACGACGAGAG","half",3443,0.0203791469194313,"jurkat"
"5","half_ACGCCTTGTTTACC","half",2813,0.0247741454782528,"t293"
"6","half_CGTGCACTTGAAGA","half",3158,0.011750369919053,"jurkat"
"7","half_CCAGTCTGTTCCCG","half",3035,0.0284738041002278,"t293"
"8","half_CAAAGCACTCTGGA","half",3013,0.0206760466712423,"t293"
"9","half_CATTACACAGTACC","half",3900,0.0189200458667779,"t293"
"10","half_CGGACCGATAAAGG","half",2814,0.0336917562724014,"t293"
"11","half_ATCTTGACGTTTGG","half",3691,0.013086642599278,"jurkat"
"12","half_TGATCGGAAGAACA","half",3293,0.0140801244651886,"jurkat"
"13","half_AATTGATGGTCTAG","half",2906,0.0267578801524073,"jurkat"
"14","half_ACGGCTCTGATAAG","half",4521,0.0232907299045273,"t293"
"15","half_AACGCAACTTCAGG","half",3212,0.0282151070228197,"t293"
"16","half_ACTTTGTGTCTTTG","half",4013,0.0247191011235955,"jurkat"
"17","half_TAGTTCACGTAAGA","half",3575,0.0158901158093186,"jurkat"
"18","half_GACGTCCTGGAAGC","half",3940,0.0255061191810591,"t293"
"19","half_GACAACACGCGTAT","half",3098,0.0220360953235617,"jurkat"
"20","half_CATTTGTGAGTCAC","half",4910,0.0174108729124719,"t293"
"21","half_TACATCACCTATGG","half",3737,0.0311411453253449,"t293"
"22","half_AACGTGTGTCGCTC","half",3659,0.0153547254951116,"jurkat"
"23","half_CGTAGCCTCCTAAG","half",3175,0.0365688104530799,"t293"
"24","half_GACCCTACACCAAC","half",3237,0.0275521821631879,"jurkat"
"25","half_AGACTTCTCCTGTC","half",2791,0.0224861040929763,"t293"
"26","half_TACTACTGGGAGCA","half",3709,0.0182303245887061,"jurkat"
"27","half_CCCAACACCTACTT","half",2767,0.0184022515696038,"jurkat"
"28","half_TGTAATGATCTATC","half",4172,0.0200586571697916,"t293"
"29","half_CGTTATACGCTCCT","half",2837,0.0260074306944841,"jurkat"
"30","half_GCTAGATGACACCA","half",3349,0.0171885509304237,"jurkat"
"31","half_GCACAATGGGGATG","half",3753,0.0159642401021711,"jurkat"
"32","half_AACAATACTAACCG","half",3229,0.0242066878733804,"t293"
"33","half_GCTTAACTGAATAG","half",3542,0.0199906710201906,"t293"
"34","half_ACAGCAACCCCTCA","half",1696,0.0154370034052213,"jurkat"
"35","half_AGACACACGTGCTA","half",3552,0.0179065794898981,"t293"
"36","half_AACCGCCTTAGTCG","half",3531,0.0122287968441815,"jurkat"
"37","half_ACTACTACGGAACG","half",3194,0.0151647202370577,"jurkat"
"38","half_ACGTGCCTCCTCCA","half",2091,0.0193105649537185,"t293"
"39","half_ACAGACACCTCAGA","half",3879,0.0245806519675071,"t293"
"40","half_TGGAACACGTTTCT","half",3123,0.0200472730456097,"jurkat"
"41","half_CGAGGAGAAGAAGT","half",3290,0.0234321157822192,"jurkat"
"42","half_AAGTAGGACATCAG","half",3066,0.0212765957446809,"t293"
"43","half_GTAACGTGCTTATC","half",3973,0.0190054009986752,"t293"
"44","half_GCCTCATGATGTGC","half",3816,0.0122808976219716,"jurkat"
"45","half_CAGCTAGACAGCTA","half",2835,0.0153031194820483,"t293"
"46","half_GGAGTTACCATGGT","half",3734,0.0151012172101803,"t293"
"47","half_ATTGTAGAGGAGTG","half",3317,0.0218104744974703,"jurkat"
"48","half_CTAAGGACGAAGGC","half",2332,0.0229392488026216,"jurkat"
"49","half_CTGAATCTGCAGTT","half",2639,0.0073865634892719,"jurkat"
"50","half_TCCATCCTGTAAAG","half",3243,0.0136590696222292,"jurkat"
"51","half_AGTTAAACTGTCCC","half",3019,0.021889616463985,"jurkat"
"52","half_TGAGACACTAGCGT","half",2775,0.016811662355984,"jurkat"
"53","half_TACCGCTGCCGAAT","half",3622,0.0213744780239224,"t293"
"54","half_TAGAGAGAAAAAGC","half",3514,0.0210690596956691,"t293"
"55","half_CGAGAACTTATTCC","half",3185,0.000575043128234618,"jurkat"
"56","half_GAGAGGTGCGACTA","half",2727,0.0239428231089935,"jurkat"
"57","half_AGATTCCTAAGGTA","half",3053,0.0170454545454545,"t293"
"58","half_TGAACCGACTTATC","half",2323,0.0123022847100176,"t293"
"59","half_ATGATAACCGGAGA","half",5423,0.0240324831874128,"t293"
"60","half_GAAGTGCTGGTAGG","half",4373,0.0176806407634629,"t293"
"61","half_GTATCTACAGTACC","half",2667,0.0200675541426585,"jurkat"
"62","half_ACTCTCCTCGCTAA","half",3228,0.0213342363697934,"jurkat"
"63","half_GACAACACCCAAGT","half",4607,0.0317627796980171,"jurkat"
"64","half_CCCGGAGACGTAGT","half",3032,0.0175178664807391,"jurkat"
"65","half_TACGACGAGCCATA","half",3467,0.0119123140903644,"jurkat"
"66","half_TGAGGTACAGGTTC","half",4718,0.0202410280311605,"t293"
"67","half_CTATCCCTACTGTG","half",2908,0.0242007768150583,"jurkat"
"68","half_GATACTCTTCGATG","half",3430,0.0223796828960292,"t293"
"69","half_CACTAGGAGCCTTC","half",3306,0.0198988195615514,"jurkat"
"70","half_ACACGATGGGTCAT","half",2521,0.0229357798165138,"jurkat"
"71","half_GATTGGACGTAAGA","half",4206,0.0229825389334592,"t293"
"72","half_AACTCTTGCGAGAG","half",3037,0.0228434024646829,"t293"
"73","half_CTGGAAACGTTGGT","half",1776,0.019750283768445,"t293"
"74","half_TGCAATCTGCGAGA","half",4283,0.0219011063445473,"t293"
"75","half_TCAGAGACGGACTT","half",5736,0.0178426066486261,"t293"
"76","half_TACTCCCTTCCCGT","half",5218,0.0275118962971066,"t293"
"77","half_GCAAGACTCTTGCC","half",2930,0.0148353751914242,"jurkat"
"78","half_ATAGCCGAATGACC","half",3663,0.0163858221963974,"jurkat"
"79","half_TAGGTGACCGATAC","half",4455,0.0163834705381402,"jurkat"
"80","half_GATATTGAAGTCAC","half",2950,0.0249218551997972,"t293"
"81","half_TAAGGGCTATGCTG","half",3476,0.016562872664635,"jurkat"
"82","half_TTTCACGAGTCATG","half",3590,0.0208699872596008,"jurkat"
"83","half_ACGGTAACTACAGC","half",3364,0.0259027883589822,"t293"
"84","half_GTACTTTGAGTACC","half",3657,0.0250775060282466,"t293"
"85","half_ACTGCCTGATCTTC","half",3585,0.0145101925254813,"jurkat"
"86","half_ACAGTCGAATCAGC","half",3837,0.0168077612309213,"jurkat"
"87","half_GATCCCTGTTGCGA","half",4230,0.0252834943301134,"t293"
"88","half_ATTTGCACGCGAGA","half",3970,0.015080971659919,"jurkat"
"89","half_GGGATTACCCGTAA","half",3248,0.0186547751765143,"t293"
"90","half_GCATCAGACCTCGT","half",3380,0.00929313625054881,"jurkat"
"91","half_ATTTCCGACAGTCA","half",3026,0.0291663154345444,"jurkat"
"92","half_ATTAGATGACCAAC","half",3121,0.0186470078057242,"t293"
"93","half_GTATTAGATCGCCT","half",4039,0.0232397729081551,"t293"
"94","half_TGGATTCTTCGTAG","half",3174,0.0204743217880908,"jurkat"
"95","half_CTGGATGACACTGA","half",3046,0.0196374622356495,"jurkat"
"96","half_CCCGATTGGTATGC","half",2969,0.0260067928190199,"jurkat"
"97","half_AAGTCCGATCAGTG","half",3131,0.0245485660332822,"jurkat"
"98","half_TAAAGACTTACTTC","half",3489,0.025998731769182,"t293"
"99","half_GGTATGACCGTGAT","half",4721,0.0193751090940827,"t293"
"100","half_AAGTATACCCAACA","half",3941,0.0193979933110368,"t293"
"101","jurkat_GCAGGCACAGCGGA","jurkat",3054,0.0396469499608513,"jurkat"
"102","jurkat_TTCCCACTAGCGGA","jurkat",2086,0.0486807387862797,"jurkat"
"103","jurkat_GAGTGTTGAACCGT","jurkat",3090,0.0335949764521193,"jurkat"
"104","jurkat_ATTGCTTGTGCCTC","jurkat",3722,0.0154329946782777,"jurkat"
"105","jurkat_TCGACCTGCGACAT","jurkat",2488,0.0431614349775785,"jurkat"
"106","jurkat_ATTCCAACAAAAGC","jurkat",3308,0.0375646035547712,"jurkat"
"107","jurkat_TAGGTTCTGTTCGA","jurkat",4225,0.0323735207816077,"jurkat"
"108","jurkat_TACCGCTGCGACTA","jurkat",3722,0.0302704913841591,"jurkat"
"109","jurkat_CCCTGAACATGTCG","jurkat",3553,0.0439012222499376,"jurkat"
"110","jurkat_TAAATGTGTGGAAA","jurkat",3036,0.0301743078951223,"jurkat"
"111","jurkat_CGACCTTGTCTCTA","jurkat",4723,0.0446993164537518,"jurkat"
"112","jurkat_GAAGTCACACTCAG","jurkat",2878,0.0327055658315117,"jurkat"
"113","jurkat_TCTAAGCTATGACC","jurkat",4023,0.0455864570737606,"jurkat"
"114","jurkat_AACATATGCTGGTA","jurkat",3620,0.0380695278497053,"jurkat"
"115","jurkat_TGTGACGAGGGCAA","jurkat",3690,0.0288739172281039,"jurkat"
"116","jurkat_GACCAAACCACAAC","jurkat",3066,0.0334291876347951,"jurkat"
"117","jurkat_GGAACTACATGCCA","jurkat",2831,0.0375312042696049,"jurkat"
"118","jurkat_AACGTGTGCCTGTC","jurkat",3644,0.0298098859315589,"jurkat"
"119","jurkat_TCGACCTGCCCGTT","jurkat",3927,0.0579768994766288,"jurkat"
"120","jurkat_ACTGGCCTGGCATT","jurkat",3439,0.025573961057832,"jurkat"
"121","jurkat_TGGACTGAAATCGC","jurkat",2938,0.0269801335993754,"jurkat"
"122","jurkat_GGATGTTGGTCTAG","jurkat",3440,0.0304483837330553,"jurkat"
"123","jurkat_TGACACGAGAGATA","jurkat",2591,0.0338638947539386,"jurkat"
"124","jurkat_CTGAACGACGTCTC","jurkat",3652,0.0415699922660479,"jurkat"
"125","jurkat_ACAGTCGAGATACC","jurkat",4222,0.0464634847613571,"jurkat"
"126","jurkat_CCAGCTACCTACTT","jurkat",3776,0.0288539553752536,"jurkat"
"127","jurkat_TGAATAACAGTACC","jurkat",2988,0.0473339266930982,"jurkat"
"128","jurkat_GGTAGTACGTTTCT","jurkat",3189,0.0363648540048219,"jurkat"
"129","jurkat_ACGATTCTGGATTC","jurkat",4108,0.03667517856482,"jurkat"
"130","jurkat_TCAGTGGAGTTTCT","jurkat",2915,0.0502308549594014,"jurkat"
"131","jurkat_CGGCATCTTTTGGG","jurkat",3406,0.0369008213804095,"jurkat"
"132","jurkat_AGGCAACTCCCAAA","jurkat",3276,0.0500209292591042,"jurkat"
"133","jurkat_TGTAACCTCGCCTT","jurkat",2466,0.0348339312579563,"jurkat"
"134","jurkat_TAGTTAGAACGCAT","jurkat",2577,0.0348964013086151,"jurkat"
"135","jurkat_ATGGACACCTGAGT","jurkat",2774,0.0470392916436082,"jurkat"
"136","jurkat_ACTCGCACAGAATG","jurkat",3665,0.0156874807751461,"jurkat"
"137","jurkat_CTCGAGCTCCACAA","jurkat",3156,0.039004707464694,"jurkat"
"138","jurkat_GAAGGGTGGTTACG","jurkat",2974,0.0360794624598306,"jurkat"
"139","jurkat_TTTAGAGAGAACCT","jurkat",3538,0.0277940784209122,"jurkat"
"140","jurkat_TGGGTATGGGAGCA","jurkat",3696,0.0223446105428796,"jurkat"
"141","jurkat_GACTGAACCAAAGA","jurkat",2662,0.0392156862745098,"jurkat"
"142","jurkat_ACGGATTGGCAGTT","jurkat",3878,0.0427291523087526,"jurkat"
"143","jurkat_AGCGGCACGTGCTA","jurkat",3135,0.0403523300459234,"jurkat"
"144","jurkat_GTAGCCCTTCGCTC","jurkat",3257,0.0494690494690495,"jurkat"
"145","jurkat_GCCGACGAATTCCT","jurkat",3335,0.0366675304483027,"jurkat"
"146","jurkat_AATGTAACGAGGGT","jurkat",2598,0.0337090163934426,"jurkat"
"147","jurkat_CTATACTGATTCTC","jurkat",3099,0.0310306093793878,"jurkat"
"148","jurkat_CCGATAGATCTTCA","jurkat",2571,0.0353833192923336,"jurkat"
"149","jurkat_TAACAATGTCCAAG","jurkat",1909,0.0118965517241379,"jurkat"
"150","jurkat_GTCCAAGATAACCG","jurkat",2715,0.0413507925568573,"jurkat"
"151","jurkat_CATGCGCTGTTTGG","jurkat",2044,0.0411361410381978,"jurkat"
"152","jurkat_CGCGGATGTTCGTT","jurkat",3199,0.0383092007012532,"jurkat"
"153","jurkat_CCTGCAACCACTTT","jurkat",2665,0.0410478892040714,"jurkat"
"154","jurkat_CATTGTTGACCTGA","jurkat",4073,0.0251250152457617,"jurkat"
"155","jurkat_TATGTCACTTAGGC","jurkat",3843,0.0243587906576874,"jurkat"
"156","jurkat_TATAGATGCTAGAC","jurkat",3734,0.0311039719626168,"jurkat"
"157","jurkat_TGTGGATGCATCAG","jurkat",3036,0.0539549886371967,"jurkat"
"158","jurkat_GACGTATGACGCTA","jurkat",3737,0.0494875549048316,"jurkat"
"159","jurkat_AGATCGTGATACCG","jurkat",2687,0.0401218892839005,"jurkat"
"160","jurkat_CTTGATTGGGTCTA","jurkat",3411,0.0314386317907445,"jurkat"
"161","jurkat_CAAGAAGACACTAG","jurkat",2891,0.0281000725163162,"jurkat"
"162","jurkat_AGGGCGCTAATGCC","jurkat",3470,0.07180967924173,"jurkat"
"163","jurkat_CCATCCGAACAGCT","jurkat",4064,0.0403225806451613,"jurkat"
"164","jurkat_GAGATGCTTTTCTG","jurkat",4072,0.0230292294065545,"jurkat"
"165","jurkat_TAGGCAACAAGATG","jurkat",3549,0.0202734559170203,"jurkat"
"166","jurkat_TGATAAACTTGCGA","jurkat",2294,0.0320933625091174,"jurkat"
"167","jurkat_TAACTAGATCCTGC","jurkat",3647,0.0325175997318136,"jurkat"
"168","jurkat_CACCTGACTCTTCA","jurkat",2043,0.0304755525787006,"jurkat"
"169","jurkat_CCCTACGAGGATCT","jurkat",4468,0.0509242368965098,"jurkat"
"170","jurkat_TAGAGAGAGACGGA","jurkat",2265,0.0220381600354977,"jurkat"
"171","jurkat_CCCAGACTGGCGAA","jurkat",3397,0.0456236052566328,"jurkat"
"172","jurkat_CCGACTACGTCTGA","jurkat",3460,0.0420971472629144,"jurkat"
"173","jurkat_TTACGTACCCCTCA","jurkat",3508,0.02856065096729,"jurkat"
"174","jurkat_ACACCCTGTACAGC","jurkat",3175,0.05034174553102,"jurkat"
"175","jurkat_TCAGTTACGTAAAG","jurkat",3682,0.0428585327884803,"jurkat"
"176","jurkat_TAAACAACACTGGT","jurkat",2921,0.0398655872918894,"jurkat"
"177","jurkat_AGTCTTACGATAGA","jurkat",3056,0.0249963132281374,"jurkat"
"178","jurkat_GCAGTTGAGCCATA","jurkat",4745,0.0186077373568358,"jurkat"
"179","jurkat_CTCGAGCTTTCTGT","jurkat",3211,0.023666387641732,"jurkat"
"180","jurkat_GTCACCTGAGCACT","jurkat",4523,0.0258987037284512,"jurkat"
"181","jurkat_GATATATGTACGAC","jurkat",2700,0.0413627192301723,"jurkat"
"182","jurkat_TGAAGCACAGACTC","jurkat",2107,0.0355156183140779,"jurkat"
"183","jurkat_ACGCCACTCAGTTG","jurkat",3528,0.0498567650947554,"jurkat"
"184","jurkat_AACGTGTGGTTGTG","jurkat",2896,0.0325296047938365,"jurkat"
"185","jurkat_CAACGAACTGTCCC","jurkat",3260,0.0425791460935231,"jurkat"
"186","jurkat_TGACACGAGGTGAG","jurkat",1890,0.0260825093760655,"jurkat"
"187","jurkat_CGCGAGACTCCTAT","jurkat",3566,0.0278289117487818,"jurkat"
"188","jurkat_TGATAAACCTTGGA","jurkat",3118,0.0461165048543689,"jurkat"
"189","jurkat_TTACTCGACGCAAT","jurkat",4003,0.0254602263131228,"jurkat"
"190","jurkat_AATACCCTTTCTAC","jurkat",3041,0.0287197793282492,"jurkat"
"191","jurkat_ATGCACGAAGTGTC","jurkat",3320,0.0133594004561747,"jurkat"
"192","jurkat_AGCAACACTGCAAC","jurkat",4490,0.0258830983684461,"jurkat"
"193","jurkat_TTCGGAGAGGTGGA","jurkat",5201,0.0284584135129356,"jurkat"
"194","jurkat_AGGAATGATGGTCA","jurkat",1872,0.0058411214953271,"jurkat"
"195","jurkat_AAAGATCTCAGGAG","jurkat",2941,0.0313641628798004,"jurkat"
"196","jurkat_TGATTCTGCCTAAG","jurkat",3306,0.0293859098329775,"jurkat"
"197","jurkat_ACGTCAGAAGTCAC","jurkat",2561,0.0395264286380162,"jurkat"
"198","jurkat_AAGGTGCTAAAACG","jurkat",3514,0.0607265977194378,"jurkat"
"199","jurkat_GCCAAATGACCAGT","jurkat",3026,0.0441374159820762,"jurkat"
"200","jurkat_ATCACACTCGGTAT","jurkat",2283,0.0459223051196295,"jurkat"
"201","t293_AAGGCTTGGTCAAC","t293",3765,0.0310956443646161,"t293"
"202","t293_CACTCTCTAGTCGT","t293",3061,0.0318086445656735,"t293"
"203","t293_CGATCCACCTAAGC","t293",4796,0.0436161776367962,"t293"
"204","t293_AACGCATGTCAGGT","t293",1973,0.0286517841448409,"t293"
"205","t293_GTACGTGAGGGAGT","t293",3384,0.0229196903725206,"t293"
"206","t293_CCGTAAGAGGTGTT","t293",3866,0.0177421662612677,"t293"
"207","t293_AGATATACTTTCGT","t293",3242,0.0247087183607875,"t293"
"208","t293_TTCGTATGTCCTGC","t293",3289,0.0185366723108457,"t293"
"209","t293_ATCACTTGATACCG","t293",3081,0.0240652843700558,"t293"
"210","t293_CACCACTGGGTAGG","t293",3757,0.028115892336705,"t293"
"211","t293_CGGCATCTGAAAGT","t293",3504,0.0253566840219082,"t293"
"212","t293_AGACTCGAAACGTC","t293",3802,0.023618004449769,"t293"
"213","t293_CTAAACCTGTATCG","t293",3082,0.0274497026960984,"t293"
"214","t293_TACTCCCTCTTCTA","t293",3920,0.0187203129365745,"t293"
"215","t293_ACAGACACAGGCGA","t293",4391,0.0208618492471799,"t293"
"216","t293_TACTACACTAGAGA","t293",3927,0.0229477769341095,"t293"
"217","t293_TGAAGCTGACGTAC","t293",3233,0.0178889650445511,"t293"
"218","t293_GGAGGCCTGTACCA","t293",3449,0.0350414965090238,"t293"
"219","t293_CGCACGGAGAGAGC","t293",4349,0.0384615384615385,"t293"
"220","t293_TCAGTACTTTCCAT","t293",1720,0.0814326107445806,"t293"
"221","t293_CGGGACTGACACGT","t293",3549,0.0307824909191652,"t293"
"222","t293_AGTAAGGAAGGTTC","t293",4617,0.0325308159869605,"t293"
"223","t293_CACATACTGAGGTG","t293",2862,0.0240930993726702,"t293"
"224","t293_CCAGCTACACCATG","t293",3234,0.027182320441989,"t293"
"225","t293_TGGAGGGAAAGGGC","t293",3648,0.0232976149325959,"t293"
"226","t293_CCATCGTGACTCTT","t293",5012,0.0278720183725664,"t293"
"227","t293_ACTAGGTGGATAGA","t293",4400,0.0292731907005484,"t293"
"228","t293_AGCTGAACGTGAGG","t293",3116,0.0143056524773203,"t293"
"229","t293_ATCTTGACTAGTCG","t293",3497,0.0238582576435973,"t293"
"230","t293_AAGGTGCTATACCG","t293",3478,0.0333995095176924,"t293"
"231","t293_GGAGGTGAGAGATA","t293",3223,0.0292436725302457,"t293"
"232","t293_GCCTCAACGCGTAT","t293",3493,0.032065388242691,"t293"
"233","t293_TGCGAAACCTGTAG","t293",3453,0.0264550264550265,"t293"
"234","t293_CACCGTTGGGAGTG","t293",2901,0.0211420009988347,"t293"
"235","t293_GGCCAGACTGACAC","t293",3292,0.0551430836877388,"t293"
"236","t293_CACTTAACCATACG","t293",3656,0.0193083961248654,"t293"
"237","t293_CATTGTACAATGCC","t293",3285,0.0256321440942154,"t293"
"238","t293_TAAGAGGAGATAAG","t293",3381,0.0260022427810485,"t293"
"239","t293_GGAGACGACCCTCA","t293",3219,0.0253402511467028,"t293"
"240","t293_ACCGCGGATTCTGT","t293",2152,0.0156645569620253,"t293"
"241","t293_CATTGGGAGGTATC","t293",3439,0.0244659900015149,"t293"
"242","t293_GGTAGTACGTGAGG","t293",3121,0.0259324745306054,"t293"
"243","t293_TTCTAGTGGCATAC","t293",3600,0.0251895043731778,"t293"
"244","t293_CTTATCGAGGACTT","t293",3156,0.0170613090967073,"t293"
"245","t293_ACGGAGGATCTCTA","t293",4998,0.0232140290355038,"t293"
"246","t293_CAATTCACTTCGGA","t293",2254,0.012111801242236,"t293"
"247","t293_CCCAACACAGCTCA","t293",3239,0.0268976200535136,"t293"
"248","t293_TAAGCGTGGGAGGT","t293",3420,0.0318598168060534,"t293"
"249","t293_CCACTGTGCTCAAG","t293",3561,0.0329094510831363,"t293"
"250","t293_TCACCCGACTTTAC","t293",3444,0.0234449492400022,"t293"
"251","t293_GCCTCAACTGCCCT","t293",2173,0.03690036900369,"t293"
"252","t293_GTTGACGAGTCATG","t293",3487,0.0340103598691385,"t293"
"253","t293_AATCCTTGTGAACC","t293",3700,0.020979422922175,"t293"
"254","t293_GCAGCGTGCATGCA","t293",3272,0.0352730945536477,"t293"
"255","t293_CAATATGACTGTAG","t293",2965,0.0259470679813181,"t293"
"256","t293_ATCCATACGAATGA","t293",3289,0.0376157407407407,"t293"
"257","t293_ATTTCTCTAAGGGC","t293",4690,0.0227433419750177,"t293"
"258","t293_GAAGTCTGTCCTAT","t293",3380,0.0209441058228505,"t293"
"259","t293_CGCTACTGGGAAGC","t293",3286,0.0329493891797557,"t293"
"260","t293_GTGACAACCGGTAT","t293",3420,0.0237123557556994,"t293"
"261","t293_TTCATCGATCACGA","t293",3273,0.0194437290754571,"t293"
"262","t293_CGGATAACCTGTTT","t293",3186,0.0373184734886863,"t293"
"263","t293_TAGGTCGACTCAGA","t293",2154,0.0367741935483871,"t293"
"264","t293_AAATCCCTGTCTGA","t293",4515,0.0264321783040223,"t293"
"265","t293_TGGTATCTAGGTTC","t293",4738,0.0255202344300605,"t293"
"266","t293_TGTAACCTTTCTCA","t293",3738,0.0284424114473376,"t293"
"267","t293_TCACATACAGCACT","t293",3540,0.0306307432643621,"t293"
"268","t293_GTGTGATGCGTTAG","t293",3206,0.0243651085756349,"t293"
"269","t293_ATTATGGAAGAACA","t293",3957,0.0282125509052549,"t293"
"270","t293_GTAGACTGCATTCT","t293",2882,0.0200174064403829,"t293"
"271","t293_GAGTCAACAAGTGA","t293",2895,0.0284445284445284,"t293"
"272","t293_TTGGAGACGTCGAT","t293",3205,0.0257992565055762,"t293"
"273","t293_TTAGGGACAACGGG","t293",3326,0.0447129909365559,"t293"
"274","t293_CCGGTACTGTGTTG","t293",4593,0.0273068926915081,"t293"
"275","t293_CTCCACGACTGCTC","t293",3707,0.0458182206101984,"t293"
"276","t293_AGTTTCACCCCAAA","t293",3504,0.0377207062600321,"t293"
"277","t293_CCACCTGATCACGA","t293",3890,0.0194001677852349,"t293"
"278","t293_TTTGACTGGTGCTA","t293",3425,0.031494140625,"t293"
"279","t293_CAGCTAGATGCATG","t293",3744,0.035803986533426,"t293"
"280","t293_TTCTACGATCATTC","t293",4047,0.0311791383219955,"t293"
"281","t293_AACTGTCTAACCAC","t293",4047,0.00151159760229346,"t293"
"282","t293_TCACGAGAAGAATG","t293",3234,0.0254844487868425,"t293"
"283","t293_CCAGTCTGGTACCA","t293",2830,0.0351822140728856,"t293"
"284","t293_TAAGAACTAATGCC","t293",2507,0.038980109464691,"t293"
"285","t293_GGCATATGGTGTAC","t293",2779,0.0161255873558308,"t293"
"286","t293_CATCTCCTAGAACA","t293",3053,0.0284854752279778,"t293"
"287","t293_AAGACAGAAGAATG","t293",3124,0.027958847090238,"t293"
"288","t293_TCGTAGGAGACGAG","t293",3672,0.0376359391903433,"t293"
"289","t293_GGTCTAGACTCGAA","t293",3024,0.0241816844428099,"t293"
"290","t293_GTAGGTACGCTCCT","t293",3162,0.042260098062106,"t293"
"291","t293_ATTTGCACTAGTCG","t293",3901,0.0243727255315074,"t293"
"292","t293_CGAGGAGATGAGCT","t293",3142,0.0275856179007601,"t293"
"293","t293_CATCAACTTCTAGG","t293",3214,0.0277855739545327,"t293"
"294","t293_TATACGCTATTCTC","t293",4082,0.0260813879024277,"t293"
"295","t293_CTCTAATGTGTCCC","t293",4478,0.0408156053431338,"t293"
"296","t293_TTACGTACGACACT","t293",4152,0.0339966456642945,"t293"
"297","t293_TAGAATTGTTGGTG","t293",3097,0.021769109535067,"t293"
"298","t293_CGGATAACACCACA","t293",3157,0.0204110559886605,"t293"
"299","t293_GGTACTGAGTCGAT","t293",2685,0.0278455735522521,"t293"
"300","t293_ACGCTGCTTCTTAC","t293",3513,0.0212397052449068,"t293"
